CONTACT_ID,STORE_ID,EMAIL,PHONE
1,1,rpetch0@army.mil,804-700-7757
2,2,tlyall1@ftc.gov,807-429-5470
3,3,mmcdiarmid2@ox.ac.uk,295-900-8760
4,4,shavis3@telegraph.co.uk,851-577-7297
5,5,hpennycock4@google.com.hk,548-547-3450
6,6,bkidgell5@livejournal.com,477-653-3648
7,7,lsiman6@oakley.com,681-669-3045
8,8,mdonner7@fda.gov,714-787-1554
9,9,aaslin8@ow.ly,548-404-8922
10,10,sbattershall9@admin.ch,247-915-7957
11,11,pmeiningena@reddit.com,648-984-7929
12,12,myettsb@ifeng.com,892-866-9922
13,13,mskeechc@1und1.de,777-893-3803
14,14,eescalanted@fema.gov,979-698-7352
15,15,eyudee@tumblr.com,751-860-9226
16,16,mtolossif@sourceforge.net,690-131-7039
17,17,acreechg@printfriendly.com,381-936-6815
18,18,pladloeh@jalbum.net,544-202-1575
19,19,afairclothi@house.gov,614-171-8374
20,20,svanyj@bigcartel.com,682-972-1997
21,21,ljosephik@hud.gov,724-967-6634
22,22,muphaml@pagesperso-orange.fr,469-431-7972
23,23,lfudgem@google.co.uk,195-410-3370
24,24,jharfordn@macromedia.com,760-343-3334
25,25,stuiteo@redcross.org,102-456-5784
26,26,lrushep@vinaora.com,940-777-4389
27,27,bavramovichq@360.cn,555-201-4061
28,28,qderobertr@t.co,773-915-1882
29,29,hrapos@prnewswire.com,229-475-3007
30,30,bcromet@addtoany.com,712-564-4235
